name,followers,active_followers,growth_rate,avg_story_views,niche,secondary_niche,city,estimated_reach,avg_likes,avg_comments,roi_score,engagement_rate
Rohan Kaur,1506714,607265,7.39,246761,Education,Photography,Hyderabad,597290,88680,3625,6.13,3.07
Krishna Mehta,1222385,571756,1.23,179968,Parenting,Fitness,Hyderabad,452013,46003,2868,4,3.33
Aanya Kaur,1997124,1115847,3.34,349654,Travel,Tech,Chandigarh,651887,41345,1703,2.16,6.92
Riya Jain,1801705,917676,4.76,403224,Photography,Food,Mumbai,714850,32362,1413,1.87,4.48
Kiran Sharma,201469,149774,7.06,51182,Finance,Food,Delhi,67252,4815,343,2.56,3.58
Vivaan Kapoor,474973,206192,4.06,64901,Photography,Health,Delhi,134072,19339,1089,4.3,4.28
Diya Sharma,2314584,1734132,2.57,825121,Health,Education,Bangalore,817568,102941,7059,4.75,4.61
Kabir Gupta,2939643,1510138,2.56,880282,Food,Health,Chandigarh,1019977,104868,6912,3.8,4.64
Tanya Sharma,2819272,1536655,5.08,554801,Comedy,Gaming,Kolkata,769684,58125,1764,2.12,2.62
Kabir Kapoor,1733182,1114633,0.68,555172,Parenting,Comedy,Hyderabad,508025,52960,2382,3.19,3.44
Vivaan Singh,2984831,1243980,3.81,589118,Health,Beauty,Bangalore,1052494,140971,9987,5.06,2.65
Rohan Verma,2898214,1496482,4.49,625365,Comedy,DIY,Hyderabad,1149076,97483,3242,3.48,5.28
Rohan Mehta,1950767,1096641,0.71,599819,DIY,Food,Hyderabad,772094,47318,1940,2.53,3.67
Tanya Kapoor,268958,161416,4.77,88883,Food,Parenting,Bangalore,106666,15883,951,6.26,1.99
Kiran Mehta,1470462,638569,4.19,219450,Finance,Comedy,Pune,576743,74992,2838,5.29,5.27
Dev Sharma,1088603,845873,7.52,442582,Travel,Gaming,Kolkata,410928,58810,3328,5.71,2.83
Krishna Verma,1125415,702679,7.54,228004,Food,Photography,Pune,286498,45420,1260,4.15,3.65
Sara Kapoor,2194639,1462551,3.26,455472,Travel,Beauty,Bangalore,840741,31044,1185,1.47,5.02
Ishaan Kaur,1527881,1016658,2.05,440621,DIY,Motivation,Chandigarh,577574,90166,4447,6.19,3.12
Aarav Kaur,103292,82030,4.68,34816,Beauty,Finance,Hyderabad,37683,3684,284,3.84,3.44
Krishna Jain,542587,228148,0.64,128852,Photography,Health,Delhi,151024,9809,511,1.9,3.85
Krishna Sharma,2722687,2177261,1.95,1292659,Gaming,Tech,Delhi,808572,92100,4225,3.54,2.84
Arjun Kaur,1327148,608712,5.19,271676,Fashion,Food,Jaipur,344275,51452,3838,4.17,2.01
Aditya Singh,667697,467278,1.01,198420,Comedy,Photography,Mumbai,229916,26055,1658,4.15,3.58
Kiran Gupta,2171705,1326825,5.25,359730,Education,Fashion,Chandigarh,656244,66915,5134,3.32,2.18
Kiran Singh,2988910,2012278,5.47,1156935,Beauty,Finance,Bangalore,920700,59837,4640,2.16,2.2
Aanya Singh,682307,372675,0.76,199366,Travel,Fashion,Hyderabad,184762,39568,2384,6.15,1.91
Sara Kaur,890398,668008,2.25,392092,Travel,Motivation,Hyderabad,342385,45613,1462,5.29,5.05
Diya Singh,491817,350879,0.61,74093,Travel,Fashion,Bangalore,156028,28883,742,6.02,2.73
Rohan Kaur,2546087,1845871,7.42,410731,Comedy,Motivation,Jaipur,940751,105727,7498,4.45,2.88
Meera Kapoor,274998,131928,5.11,57208,Finance,Fitness,Chandigarh,81766,10879,500,4.14,3.44
Ishaan Sharma,687288,518116,5.61,146685,DIY,Fashion,Jaipur,202937,10144,787,1.59,2.83
Vivaan Singh,1245687,525034,5.18,120544,Education,DIY,Chandigarh,360384,16024,959,1.36,2.92
Ishaan Gupta,1164267,806500,1.6,233375,Health,Motivation,Hyderabad,342273,67685,1532,5.95,3.1
Tanya Kapoor,1907967,1236080,1.62,508038,Travel,Fashion,Bangalore,741822,47805,2871,2.66,1.8
Krishna Verma,1137428,803901,7.61,289683,Food,Photography,Bangalore,410152,31640,1571,2.92,3.21
Rohan Kaur,2212702,1702275,6.68,814575,Beauty,Food,Delhi,817876,94880,2583,4.4,2.65
Vivaan Kapoor,1466961,671808,7.22,245854,Fitness,Motivation,Chandigarh,580165,39152,3116,2.88,1.93
Aanya Gupta,2622332,1976997,4.93,1147204,Photography,Fashion,Jaipur,688442,42165,2621,1.71,2.13
Sara Kaur,1079039,520301,2.41,181253,Comedy,Parenting,Pune,412103,28519,1754,2.81,2.57
Sara Kapoor,1966648,1322568,5.92,359141,Comedy,Finance,Mumbai,578133,30177,1997,1.64,2.58
Neha Mehta,930764,432252,5.36,87236,Parenting,Photography,Kolkata,234211,43903,3398,5.08,1.97
Simran Kapoor,1345758,768798,3.95,280755,Food,Finance,Mumbai,461841,42606,908,3.23,3.33
Nikhil Jain,2635713,1989053,2.09,841991,Comedy,Education,Jaipur,775598,154126,4555,6.02,4.31
Aanya Gupta,2014284,1287474,2.04,310478,Travel,Education,Bangalore,667398,103486,2519,5.26,2.65
Arjun Kapoor,1970870,1557096,4.73,348720,Beauty,Education,Hyderabad,733661,29463,753,1.53,4.34
Riya Singh,539645,340639,7.89,174420,Fitness,Finance,Jaipur,178419,17089,1252,3.4,3.67
Diya Sharma,1809417,1267285,1.27,321550,Education,Fashion,Jaipur,458275,76733,1702,4.33,2.81
Rohan Verma,2106725,1377860,4.91,498577,Food,Fitness,Hyderabad,673023,115568,5013,5.72,2.27
Aanya Kapoor,417674,250242,0.67,102356,Beauty,Food,Jaipur,143383,9714,334,2.41,4.57
Kabir Jain,2760571,1397420,7.08,709346,Health,Finance,Chandigarh,938185,101408,6705,3.92,2.27
Neha Singh,2314009,1409669,4.67,322907,Photography,Fashion,Jaipur,813380,58150,4609,2.71,4.56
Kabir Sharma,1364885,1083399,7.64,382217,Gaming,Education,Bangalore,474191,36377,1397,2.77,5.31
Aditya Jain,508585,368877,5.03,163583,Finance,Motivation,Hyderabad,132047,18401,1382,3.89,3.21
Vivaan Mehta,133856,77650,7.44,41478,Fitness,DIY,Delhi,52882,2726,181,2.17,3.02
Nikhil Kapoor,773713,538075,2.59,198504,Food,Comedy,Jaipur,261305,10571,535,1.44,2.84
Rohan Singh,1903094,887090,7.72,382304,Education,Motivation,Bangalore,511214,67811,1782,3.66,3.94
Tanya Jain,2431163,1122045,1.3,308978,Fitness,Photography,Bangalore,747967,109979,5896,4.77,2.99
Aarav Jain,2234073,1471494,6.75,313960,Gaming,Parenting,Kolkata,796319,89347,4246,4.19,1.8
Krishna Verma,805690,334606,6.07,141600,Education,Health,Delhi,294624,16234,425,2.07,2.77
Meera Jain,1982209,1290851,3.93,580927,Fitness,Comedy,Hyderabad,552423,118506,5855,6.27,2.67
Krishna Sharma,2716017,1610951,2.56,736655,Travel,Fashion,Mumbai,768041,133974,2766,5.03,4.02
Meera Singh,2132798,1536456,2.33,591009,Health,Tech,Jaipur,706243,42709,2145,2.1,3.01
Nikhil Kapoor,2641803,1250553,4.45,409726,Gaming,Travel,Mumbai,691377,95677,6598,3.87,2.66
Aditya Jain,2826243,1901821,6.58,442452,Food,Health,Kolkata,970087,55317,3956,2.1,3.55
Meera Sharma,2532133,1470910,0.87,752325,DIY,Travel,Chandigarh,652210,35897,2047,1.5,3.38
Dev Kaur,1937257,862841,1.52,478716,Fashion,Photography,Kolkata,557369,36865,2197,2.02,4.23
Tanya Kapoor,2486935,1288757,4.21,323772,Fitness,Fashion,Mumbai,974376,136997,4543,5.69,4.14
Diya Kaur,1895831,1255714,1.05,739039,Health,Finance,Pune,537227,40626,3118,2.31,1.94
Nikhil Jain,1939088,1323083,3.3,308438,Beauty,DIY,Kolkata,488236,47237,1022,2.49,2.7
Rohan Singh,2331398,982062,1.35,254177,Beauty,Tech,Hyderabad,678364,80561,5841,3.71,3.47
Nikhil Kaur,981243,514118,3.62,243612,Tech,Motivation,Delhi,245914,41077,2883,4.48,2.6
Ishaan Kapoor,93050,46256,0.61,12269,Gaming,Photography,Delhi,27014,1246,92,1.44,3.36
Riya Sharma,1127495,466753,7.02,205401,Beauty,Fashion,Kolkata,384281,18071,852,1.68,4.16
Meera Kaur,2370228,1536646,5.8,481764,Gaming,DIY,Delhi,815049,57644,4457,2.62,5.37
Arjun Sharma,50760,28277,3.71,9941,Finance,Comedy,Jaipur,18069,1728,88,3.58,2.92
Diya Mehta,2090132,989799,1.06,273367,Tech,Motivation,Hyderabad,684196,96471,6671,4.93,3.35
Riya Mehta,1528042,1047675,4.5,442798,Travel,Health,Chandigarh,514695,58693,2502,4,2.92
Aarav Jain,491025,350868,2.22,114727,Gaming,Fitness,Hyderabad,177949,26730,658,5.58,2.98
Ishaan Gupta,1344115,544960,5.24,270887,Food,Comedy,Mumbai,455096,30742,2348,2.46,2.03
Kabir Jain,664191,343687,0.69,70563,Fitness,Travel,Bangalore,263976,13646,1002,2.21,3.01
Ishaan Verma,2697943,1095169,2.67,542953,Beauty,Tech,Jaipur,678195,44550,1254,1.7,3.36
Aditya Sharma,146079,71917,0.6,39682,Travel,Finance,Pune,39726,5700,392,4.17,3.34
Kabir Kapoor,1692844,988960,3.31,355820,Fitness,Photography,Hyderabad,530915,93131,4212,5.75,4.06
Dev Sharma,1672313,782840,1.2,230352,DIY,Parenting,Chandigarh,583921,77839,4159,4.9,1.82
Nikhil Gupta,1974397,1326573,4.64,446701,Motivation,DIY,Jaipur,504965,105485,5457,5.62,4.05
Simran Gupta,1830971,1370313,0.75,464703,Motivation,Beauty,Jaipur,633433,26585,780,1.49,2.9
Dev Sharma,561614,447090,1.91,156824,Health,Education,Jaipur,204071,21971,1281,4.14,2.92
Riya Jain,1400329,854769,6.31,208870,Gaming,Travel,Mumbai,372610,79273,2695,5.85,3.16
Diya Singh,826508,450611,4.87,146254,Education,DIY,Delhi,247888,22216,732,2.78,3.19
Kabir Jain,2536757,1123382,5.06,469726,DIY,Motivation,Mumbai,719326,50136,3173,2.1,3.64
Sara Verma,976640,645317,2.89,249974,Photography,DIY,Chandigarh,343403,48698,1228,5.11,2.61
Aanya Jain,1542180,979597,3.26,214924,Travel,Tech,Hyderabad,430271,50096,1228,3.33,2.55
Krishna Gupta,128974,58511,7.5,19999,Gaming,Finance,Chandigarh,41344,2328,93,1.88,3.58
Arjun Mehta,1303604,548596,1.07,143028,Beauty,Food,Pune,367463,70471,5302,5.81,3.55
Nikhil Verma,2022898,811655,5.64,191032,DIY,Education,Delhi,586047,109032,8331,5.8,2.34
Simran Singh,2229191,1614725,3.72,362149,Beauty,Parenting,Pune,703831,77231,5479,3.71,3.05
Kabir Gupta,2940640,1758541,0.52,676873,Finance,Food,Mumbai,1065800,131907,5257,4.66,4.2
Aditya Verma,450065,317029,3.61,68517,Finance,Parenting,Chandigarh,113929,14639,398,3.34,3.66
Vivaan Singh,1070057,826228,6.01,317479,Health,Beauty,Pune,366963,62420,3861,6.19,2.76
Dev Verma,1691856,844420,3.06,350973,Fashion,Food,Kolkata,509466,50576,2920,3.16,2.62
Diya Kaur,2929745,2141949,3.35,540115,Fashion,Food,Delhi,1170386,140629,8937,5.11,3.07
Ishaan Gupta,242962,151357,0.67,34997,Gaming,Food,Kolkata,65211,11344,436,4.85,4.43
Simran Kaur,784980,625823,2.9,361781,Health,Parenting,Bangalore,307081,25516,1081,3.39,3.79
Kabir Kapoor,1060711,816601,7.29,355835,Comedy,Travel,Pune,341832,32778,2185,3.3,3.72
Neha Gupta,2146908,916006,5.87,368926,Health,Comedy,Hyderabad,598165,46989,3732,2.36,1.99
Diya Kapoor,285883,173737,4.09,88875,Gaming,Tech,Mumbai,85902,14845,635,5.41,4.06
Vivaan Verma,1865183,1179144,0.58,343118,Travel,Motivation,Mumbai,674957,107686,5399,6.06,3.14
Meera Jain,1225629,506739,6.01,281318,Education,Fashion,Jaipur,466534,45533,3355,3.99,3.38
Aarav Sharma,1113530,458541,4.29,188882,Parenting,Education,Pune,392843,28000,1447,2.64,4.41
Nikhil Gupta,618498,281015,1.6,148338,Photography,Travel,Hyderabad,173212,7761,388,1.32,2.19
Aarav Verma,666030,377344,0.64,129124,Tech,Parenting,Hyderabad,203862,37516,1231,5.82,3.96
Nikhil Singh,172810,128440,7.5,30157,Motivation,Finance,Delhi,55106,9249,649,5.73,2.78
Tanya Mehta,163438,108865,1.94,61092,Fashion,Parenting,Mumbai,60823,7758,180,4.86,2.08
Aditya Sharma,2271273,1313274,5.55,388842,Finance,Health,Pune,823868,76698,4800,3.59,2.75
Nikhil Verma,286136,188150,4.29,92830,Health,Beauty,Bangalore,75181,10807,331,3.89,3.3
Riya Jain,1806125,1033508,6.54,516686,Health,Travel,Jaipur,575671,99336,3652,5.7,2.41
Diya Verma,1708182,1228120,3.18,410207,DIY,Travel,Bangalore,505592,55570,2936,3.43,4.03
Dev Verma,805330,525942,4.17,152791,Photography,Travel,Delhi,216338,24967,1609,3.3,1.86
Aarav Verma,2991934,2280455,7.79,1007391,Gaming,Parenting,Hyderabad,983704,167758,5191,5.78,3.43
Meera Sharma,336050,159731,6.06,63438,Comedy,Parenting,Pune,129679,13446,721,4.22,4.43
Nikhil Sharma,1561394,1059282,1.17,237096,Fashion,Parenting,Chandigarh,607940,20973,526,1.38,4.11
Kabir Kapoor,1241500,714257,2.93,258849,Fitness,Gaming,Hyderabad,430276,22516,1005,1.89,2.87
Vivaan Mehta,2993721,2254412,1.97,700007,Motivation,Parenting,Mumbai,833725,72681,2058,2.5,2.91
Riya Jain,1338110,795901,3.21,210548,Fitness,Beauty,Mumbai,467713,21497,711,1.66,2.89
Dev Gupta,2467423,1939154,2.13,605373,Travel,Fitness,Chandigarh,766717,50337,3970,2.2,2.2
Neha Verma,614729,435424,5.41,120061,Beauty,Food,Pune,180162,32840,887,5.49,2.97
Riya Singh,1488981,1180423,1.43,275227,Fitness,Travel,Hyderabad,492699,48984,2005,3.42,2.67
Neha Verma,941975,651203,3.67,165213,Fashion,Travel,Delhi,336409,23931,1701,2.72,2.03
Tanya Singh,2870767,2289766,1.8,1086196,Comedy,Beauty,Hyderabad,1067853,62088,1877,2.23,4.52
Diya Kapoor,753063,367049,5.17,145714,Tech,Comedy,Pune,202044,17836,1043,2.51,1.94
Ananya Singh,183509,107691,7.13,38959,Photography,DIY,Hyderabad,71258,9999,674,5.82,4.23
Kiran Mehta,2724075,1997030,6.87,520101,Parenting,Fitness,Pune,1074865,73165,2386,2.77,3.82
Ishaan Verma,2881008,1945102,7.51,662520,Parenting,Finance,Bangalore,819292,77520,4688,2.85,2.73
Diya Gupta,2557549,1065428,1.44,603345,DIY,Photography,Pune,772181,67949,3235,2.78,3.15
Rohan Singh,2855761,1655965,6.34,587422,Health,Fashion,Kolkata,799270,44899,1298,1.62,2.97
Tanya Jain,1317212,998485,5.47,359770,Comedy,DIY,Jaipur,463255,75624,2618,5.94,2.51
Tanya Gupta,1334174,579592,1.7,118049,Comedy,Photography,Pune,343272,31609,642,2.42,2.65
Diya Kapoor,2108207,1120532,5.8,329857,Travel,DIY,Pune,684010,57833,4242,2.94,2.71
Krishna Sharma,473839,328266,5.26,162923,Tech,Motivation,Bangalore,189031,19675,1402,4.45,3.1
Meera Sharma,1736120,753853,3.02,410147,Tech,Photography,Bangalore,609934,62092,3614,3.78,3.35
Krishna Jain,1739139,996969,2.82,236371,Finance,Photography,Delhi,676516,96478,4268,5.79,5.22
Tanya Jain,185374,147584,3.33,49627,Fashion,Education,Mumbai,71678,7842,380,4.44,4.59
Riya Verma,225395,174720,2.09,70131,Gaming,Health,Mumbai,88743,7428,335,3.44,2.81
Kabir Jain,2587773,1767111,4.16,885802,Gaming,DIY,Jaipur,1001862,92410,3485,3.71,3
Krishna Jain,2268204,1331446,1.13,617822,Finance,Comedy,Hyderabad,868486,36761,953,1.66,2.35
Tanya Sharma,427220,313514,6.31,105984,Gaming,Parenting,Hyderabad,127142,17706,972,4.37,3.7
Meera Kapoor,1875005,914346,2.46,221514,Tech,Health,Bangalore,738693,47164,1120,2.58,4.37
Tanya Jain,758445,440143,2.1,242604,Gaming,Finance,Delhi,223452,30774,1993,4.32,2.93
Rohan Verma,2060765,1325471,1.14,504065,Food,Fashion,Delhi,630180,49352,1511,2.47,1.97
Riya Sharma,320471,184601,5.36,49469,Photography,Health,Jaipur,125912,12705,947,4.26,2.64
Arjun Gupta,2255830,1227032,6.49,350611,Travel,Parenting,Mumbai,894104,75109,5846,3.59,2.88
Meera Sharma,1607679,818363,6.3,178957,Finance,Comedy,Bangalore,471397,28677,2174,1.92,3.33
Aditya Sharma,2318967,1369958,1.43,575865,Fitness,Finance,Jaipur,650480,68293,3685,3.1,4.87
Vivaan Gupta,2349633,1335531,7.41,317522,Food,Tech,Hyderabad,866606,29782,2186,1.36,3.33
Simran Jain,2987803,2068034,3.36,1206419,Food,Fitness,Pune,934236,110837,3879,3.84,2.8
Meera Mehta,2144873,1654663,2.14,879160,Comedy,Travel,Pune,770274,79630,3586,3.88,3.93
Ishaan Singh,2865354,2117745,7.07,1090243,Fashion,Motivation,Bangalore,787078,120097,4108,4.33,2.72
Aarav Gupta,1285543,915337,7.38,299664,Gaming,Motivation,Hyderabad,457991,60148,3780,4.97,4.17
Diya Verma,511527,402094,7.95,121008,Photography,Fashion,Pune,182393,8035,583,1.68,2.82
Dev Jain,2427207,1383663,1.66,617238,Health,Parenting,Hyderabad,942338,36116,2022,1.57,2.88
Meera Sharma,1115763,491009,4.09,116429,Fashion,Education,Mumbai,388298,25305,1986,2.45,3.31
Ananya Kaur,2677234,1747699,1.13,964387,Comedy,Finance,Kolkata,783649,35260,2820,1.42,2.87
Aanya Kaur,2334867,1795417,4.36,533207,Comedy,Fitness,Pune,710287,75367,5410,3.46,2.45
Rohan Kaur,2417958,1773557,3.54,621345,Tech,Motivation,Chandigarh,955750,33025,1336,1.42,4.03
Kiran Kaur,2238843,1178344,1.47,646177,Fashion,Finance,Mumbai,629817,98593,7177,4.72,4.21
Simran Mehta,2785019,2008996,4.88,461276,Comedy,Fashion,Hyderabad,846332,56657,3732,2.17,3.45
Simran Verma,1741535,1137126,4.38,428145,Parenting,Fitness,Bangalore,499577,92331,5505,5.62,2.49
Krishna Singh,1147011,505852,7.33,196686,Gaming,Finance,Pune,315340,68697,1717,6.14,5.47
Aditya Mehta,1175715,704708,6.29,275939,Fashion,Parenting,Jaipur,403398,31446,1427,2.8,4.43
Ishaan Singh,1902170,1208738,1.13,286714,Health,Tech,Bangalore,490136,58682,4154,3.3,3.19
Ananya Jain,2254506,996316,6.98,515683,DIY,Health,Bangalore,853148,126746,7989,5.98,4.27
Meera Verma,1830780,828977,2.11,413362,DIY,Tech,Jaipur,729914,67041,4194,3.89,3.22
Ishaan Mehta,1056911,662999,3.5,137317,Fitness,Fashion,Jaipur,288910,57963,3350,5.8,1.91
Ananya Verma,1267895,932393,2.57,352174,Fashion,Beauty,Kolkata,439550,50323,2197,4.14,2.78
Simran Gupta,1621194,1106624,5.14,224146,Travel,Gaming,Jaipur,439802,35051,2313,2.3,2.45
Kabir Jain,2257219,1086979,1.96,588443,Food,Gaming,Kolkata,771937,125821,2757,5.7,2.77
Neha Gupta,2072931,1324999,7.19,484858,Gaming,DIY,Hyderabad,749194,27219,613,1.34,2.63
Diya Jain,2059783,893247,1.14,489085,Education,Fashion,Pune,722078,76114,5053,3.94,2.81
Nikhil Singh,1123991,579057,6.28,218732,Comedy,DIY,Pune,378112,65338,3934,6.16,4.03
Riya Kaur,2536781,1566376,6.69,920995,Comedy,Fitness,Hyderabad,876820,130059,10254,5.53,3.39
Vivaan Sharma,607546,460361,1.51,146597,Education,Tech,Delhi,179349,12512,382,2.12,2.63
Aditya Kapoor,1119574,807208,1.72,188190,Comedy,Gaming,Mumbai,318965,16046,671,1.49,2.88
Aditya Sharma,1943959,869085,2.52,186963,Comedy,Travel,Hyderabad,650081,75399,3853,4.08,1.99
Ishaan Jain,89904,58010,6.67,22572,Comedy,Finance,Jaipur,34740,4549,264,5.35,1.97
Tanya Mehta,245025,169767,3.8,60041,Motivation,Comedy,Hyderabad,66767,7719,306,3.28,3.69
Ishaan Kapoor,230887,139095,5.06,77825,Travel,Comedy,Kolkata,60921,5349,120,2.37,2.72
Aarav Sharma,345153,203556,7.87,55375,Beauty,Food,Bangalore,136889,17527,1029,5.38,2.14
Kabir Sharma,591044,332698,6.15,147363,Comedy,Fitness,Bangalore,180969,24861,842,4.35,2.96
Diya Mehta,1729483,1345725,3.56,708655,Fitness,Parenting,Pune,523754,28170,1952,1.74,2.51
Simran Jain,1588811,923780,7.05,311937,Food,Education,Mumbai,501969,42978,1305,2.79,3.76
Aarav Jain,1704178,1227610,3.17,734944,Health,Fitness,Kolkata,460147,96519,4444,5.92,2.9
Ananya Mehta,730621,348987,3.32,83426,Motivation,DIY,Jaipur,273690,39011,875,5.46,3.24
Sara Mehta,739610,523832,4.12,240329,Fashion,Food,Chandigarh,258606,14316,324,1.98,2.51
Riya Jain,2015987,958678,5.55,569817,Food,Fashion,Chandigarh,669928,36708,1675,1.9,3.18
Kiran Mehta,2054705,1196121,7.1,618953,Tech,Motivation,Bangalore,604636,24501,1671,1.27,2.83
Meera Gupta,566014,367348,4.66,86596,Health,Travel,Hyderabad,179854,23865,1240,4.44,3.88
Ishaan Mehta,1643016,705402,3.77,383256,Health,Beauty,Mumbai,592657,35831,2333,2.32,2.92
Aditya Kaur,683776,344051,4.85,98133,DIY,Health,Jaipur,190189,22598,772,3.42,3.01
Dev Sharma,2157132,1506390,2.11,429298,Gaming,Finance,Pune,824479,94275,2901,4.5,1.98
Aanya Jain,102524,70960,4.65,35731,Fitness,Health,Mumbai,28825,5441,159,5.46,2.8
Sara Verma,737902,507425,2.1,244148,Finance,Fitness,Chandigarh,272013,39150,1594,5.52,3.51
Ananya Verma,1492899,741674,6.31,275809,Tech,Parenting,Mumbai,406651,65188,3820,4.62,2.7
Ishaan Sharma,585814,244479,7.18,82212,Motivation,Gaming,Jaipur,177990,23150,1736,4.25,4.32
Aanya Singh,2322405,1037588,5.2,214630,Education,Tech,Mumbai,611500,68034,3404,3.08,5.04
Krishna Gupta,692101,549520,7.46,189834,Health,DIY,Chandigarh,241095,24795,1119,3.74,5.19
Vivaan Verma,2904594,1176668,6.53,483563,Gaming,Food,Mumbai,1115959,97422,4231,3.5,3.63
Aditya Kapoor,696872,485392,6.1,274937,Gaming,Health,Delhi,202733,12572,681,1.9,4.67
Arjun Sharma,2083632,1146295,7.61,641430,Health,Finance,Pune,602964,59527,4632,3.08,5.39
Meera Verma,2562556,1122700,4.94,583103,Education,Fitness,Jaipur,702938,82126,4958,3.4,4.1
Neha Gupta,937711,695181,2.55,224501,Comedy,Beauty,Kolkata,302730,24087,528,2.63,3.17
Simran Jain,925985,633687,6.44,317648,Beauty,Health,Hyderabad,317917,14785,769,1.68,5.71
Nikhil Kaur,791208,619132,7.16,210524,Health,Fashion,Pune,236346,36659,2673,4.97,3.52
Krishna Gupta,2347884,1568160,0.97,656355,Parenting,Finance,Delhi,904563,47093,3745,2.17,2.96
Dev Verma,807494,553500,6.3,180496,Education,Food,Mumbai,226182,29226,1041,3.75,3.27
Vivaan Kaur,207132,129692,7.51,46561,Food,Finance,Kolkata,62054,5344,183,2.67,2.09
Riya Jain,387350,174573,7.19,72472,Parenting,Health,Mumbai,107531,6370,494,1.77,2.19
Ananya Verma,1077247,479376,1.6,277343,Gaming,Comedy,Chandigarh,292862,45349,1339,4.33,3.19
Dev Mehta,2266422,1273190,6.51,560029,Travel,DIY,Pune,742730,68827,3813,3.21,2.94
Dev Verma,144545,75227,2.8,33868,Finance,Beauty,Mumbai,55484,1730,136,1.29,3.68
Simran Mehta,2161176,1149163,2.95,483566,DIY,Beauty,Hyderabad,731579,33482,2423,1.66,3.8
Simran Gupta,1043598,765531,1.95,317462,Gaming,Tech,Jaipur,323093,29370,1637,2.97,2.14
Ananya Singh,2109080,937616,6.43,272750,Comedy,Travel,Chandigarh,551410,113102,4068,5.56,4.49
Tanya Kapoor,766734,388927,4.92,182435,Fashion,Tech,Pune,302612,23355,946,3.17,4.33
Ananya Kaur,987444,528936,3.59,254190,Fitness,Parenting,Delhi,284679,58443,1494,6.07,3.91
Aanya Gupta,859450,392157,6.46,176326,Fashion,Motivation,Chandigarh,261313,40772,1161,4.88,2.94
Neha Jain,1318572,952371,4.72,533993,Health,Parenting,Chandigarh,527181,51018,2383,4.05,5.39
Dev Sharma,249521,145011,1.48,51024,Fitness,Finance,Chandigarh,87377,8215,496,3.49,3.3
Krishna Singh,1936843,1332753,1.8,281791,DIY,Fitness,Hyderabad,541451,72988,5337,4.04,4.23
Rohan Sharma,2259170,1377873,7.01,673102,Gaming,Fitness,Delhi,818250,31409,1883,1.47,3.17
Aarav Sharma,1195207,815600,1.23,360292,DIY,Parenting,Mumbai,397678,45730,3242,4.1,2.45
Diya Gupta,2667117,1540455,5.06,841299,Comedy,Travel,Kolkata,678913,78259,3513,3.07,3.04
Arjun Verma,819925,654199,6.14,331604,Motivation,Education,Hyderabad,252821,25092,1337,3.22,5.19
Dev Kaur,575470,403161,1.35,177651,Photography,Parenting,Jaipur,186955,17812,787,3.23,3.37
Nikhil Sharma,359213,261016,0.61,112908,Motivation,Food,Hyderabad,111257,9628,427,2.8,4.14
Rohan Verma,896030,567160,6.95,199270,Tech,Comedy,Bangalore,316596,52915,1895,6.12,2.65
Rohan Kapoor,1176444,533866,4.59,290878,Parenting,Fashion,Bangalore,379214,48506,2478,4.33,4.76
Kabir Gupta,1418429,1096383,3.05,657094,Parenting,Education,Pune,409130,14501,1159,1.1,4.35
Ishaan Gupta,1819661,980422,5.19,402163,Parenting,Travel,Chandigarh,501842,87968,1830,4.93,3.07
Kabir Verma,1843433,843521,3.84,374989,Food,Fashion,Jaipur,606548,74869,2571,4.2,3.18
Aanya Jain,1630439,1275689,3.57,513141,Fashion,Finance,Pune,486729,60491,3558,3.93,2.95
Tanya Jain,996244,754069,4.08,331664,Travel,Beauty,Jaipur,348113,43805,926,4.49,5.11
Nikhil Sharma,2191768,1446321,1.19,863299,Photography,Parenting,Kolkata,600724,114102,5321,5.45,2.02
Tanya Mehta,1326187,721096,4.26,168782,Education,Travel,Mumbai,345778,72759,4216,5.8,3.53
Kabir Jain,1596882,675902,7.03,395703,Motivation,Parenting,Mumbai,550551,23041,686,1.49,3.05
Kiran Jain,1168938,632011,7.02,249274,Travel,Gaming,Pune,415711,67150,2712,5.98,3.47
Neha Gupta,1487305,957574,2.16,417591,Education,Finance,Jaipur,570324,30870,1839,2.2,2.79
Dev Verma,2353092,1205716,2.1,610135,Photography,Finance,Bangalore,785785,42655,2964,1.94,2.41
Kiran Kapoor,2182121,1398175,1.21,371834,Food,Health,Chandigarh,568183,111866,2481,5.24,4.03
Meera Jain,1445233,734176,5.96,398192,Finance,Fitness,Jaipur,453482,44492,1879,3.21,2.49
Diya Kapoor,2377863,1760595,7.68,577476,Beauty,Fitness,Chandigarh,772874,46945,2443,2.08,2.65
Aditya Verma,72505,42349,3.24,22793,Gaming,Parenting,Delhi,22737,2088,104,3.02,2.42
Nikhil Sharma,871403,406637,1.11,81649,DIY,Parenting,Mumbai,297039,18052,688,2.15,3.48
Aditya Gupta,2892141,1876639,4.82,923684,Fashion,Motivation,Chandigarh,954751,161607,11630,5.99,3.35
Ananya Singh,1967417,950768,7.35,551598,Finance,Beauty,Kolkata,684281,102549,5679,5.5,5.21
Nikhil Verma,740449,322373,2.6,64691,Travel,Parenting,Chandigarh,269362,41244,2700,5.93,4.31
Rohan Verma,349969,222959,5.69,72623,Beauty,Travel,Jaipur,99085,4948,303,1.5,3.94
Sara Singh,542369,263755,7.01,120626,Motivation,Finance,Hyderabad,214071,29521,1155,5.66,4.02
Riya Kapoor,1174669,728752,3.71,161615,Travel,Motivation,Hyderabad,370411,55003,1752,4.83,4.01
Arjun Kapoor,356965,277493,7.1,141499,Photography,Finance,Kolkata,98249,11255,240,3.22,3.9
Aditya Kaur,1254518,927911,3.41,434945,Health,Parenting,Chandigarh,498827,35538,1780,2.97,2.59
Kabir Verma,1659946,1311282,2.62,737862,Parenting,Education,Pune,543266,20167,486,1.24,3.05
Kabir Sharma,146700,81848,4.56,36003,DIY,Gaming,Hyderabad,55398,3213,175,2.31,2.91
Dev Kaur,1332525,960354,4.13,315936,Finance,Photography,Delhi,366171,60857,2909,4.79,4.46
Meera Verma,1650776,718590,1.1,331050,Food,Travel,Hyderabad,643990,77198,2599,4.83,2.95
Aarav Singh,887076,642138,3,192343,Fitness,Gaming,Hyderabad,314660,20167,1255,2.41,3.32
Riya Verma,1680825,1137557,5.52,378770,Finance,DIY,Bangalore,485155,90020,3002,5.53,4.02
Meera Singh,865618,517415,2.49,177125,Comedy,DIY,Chandigarh,302945,28800,1730,3.53,1.81
Ishaan Gupta,1527036,661141,2.79,182217,Photography,Travel,Delhi,486915,18198,752,1.24,3.22
Tanya Verma,1344889,883478,5.5,410464,Food,Finance,Chandigarh,344048,57125,2559,4.44,2.57
Ananya Sharma,881978,429373,4.53,227306,Finance,Comedy,Bangalore,326857,14304,881,1.72,1.85
Arjun Kaur,2473985,1617866,1.34,428048,Food,DIY,Delhi,847411,32687,768,1.35,3.12
Ananya Kapoor,127455,61719,5.71,13220,Education,Beauty,Jaipur,49014,5105,187,4.15,2.79
Dev Jain,1615082,1204388,4.5,397879,Comedy,Fashion,Pune,547802,62345,4696,4.15,4.16
Tanya Singh,516281,253005,6.02,142062,Motivation,Education,Hyderabad,182338,23000,805,4.61,3.61
Arjun Kapoor,2808806,1842633,6.06,641941,Beauty,Tech,Pune,751946,121253,5080,4.5,1.86
Aarav Jain,875571,468240,6.96,266419,Comedy,Photography,Jaipur,311383,50569,2808,6.1,2.95
Arjun Jain,222499,175719,3.19,88068,Fitness,Education,Mumbai,66176,3346,187,1.59,2.4
Sara Verma,1122377,725312,6.15,306905,Tech,Fitness,Hyderabad,327176,37230,2953,3.58,3.2
Vivaan Kaur,1549006,900692,6.46,314598,Beauty,Gaming,Delhi,534407,25990,823,1.73,2.46
Neha Gupta,2489511,1752150,2.05,593222,Comedy,Food,Kolkata,937075,50932,3447,2.18,4.26
Aditya Singh,2552889,1472898,4.81,380947,Fashion,Education,Hyderabad,864941,55934,2724,2.3,3.47
Simran Mehta,1199513,702232,2.41,340900,Fashion,Comedy,Hyderabad,347473,66836,2020,5.74,4.8
Kabir Singh,1253967,814214,7.89,213509,Fashion,Beauty,Kolkata,496047,23928,744,1.97,2.42
Vivaan Singh,1930231,1449901,2.72,839193,Finance,Gaming,Mumbai,760888,92807,6070,5.12,2.91
Kabir Mehta,1640164,986523,5.54,442704,Travel,DIY,Chandigarh,630668,79942,5326,5.2,3.42
Vivaan Sharma,1927587,956777,1.17,310030,Education,Finance,Chandigarh,660794,29584,1423,1.61,3.28
Ananya Kaur,306785,204655,6.75,49664,Gaming,Beauty,Hyderabad,93177,5424,300,1.87,4.53
Meera Jain,2572297,1939397,2.24,420466,Fitness,Photography,Delhi,946254,126595,6856,5.19,3.98
Riya Gupta,2948848,1233908,4.81,620492,Food,Fitness,Pune,929078,172168,5192,6.01,3.03
Dev Mehta,1074471,700532,6.32,315541,Parenting,Health,Bangalore,270356,37053,1810,3.62,2.54
Aanya Singh,303590,182909,7.26,38183,Health,Fashion,Pune,119346,3887,253,1.36,2.1
Neha Jain,2212427,1755324,5.64,988043,Fashion,Health,Chandigarh,661182,60252,3573,2.88,3.4
Ishaan Gupta,308374,242808,3.09,139404,Food,Gaming,Jaipur,95800,11604,695,3.99,2.13
Riya Gupta,372210,283055,7.11,114886,Photography,Gaming,Delhi,126241,15335,666,4.3,2.67
Rohan Gupta,330771,168069,1.78,42675,Fitness,Comedy,Kolkata,88108,7065,408,2.26,3.44
Aanya Mehta,1995196,1521324,0.64,363558,Fashion,Parenting,Pune,691191,79268,5724,4.26,3.02
Tanya Kapoor,2686024,2131548,4.21,1018130,Food,Motivation,Bangalore,709517,41689,1854,1.62,3.31
Sara Kaur,1429879,752905,7.07,313376,Motivation,DIY,Chandigarh,506663,78782,2213,5.66,7.45
Simran Kapoor,1361536,801210,2.86,243509,Fitness,Tech,Mumbai,358296,17689,836,1.36,3.15
Kiran Verma,2661024,1282018,2.12,692532,Travel,Comedy,Delhi,1039399,131937,5754,5.17,3.73
Ishaan Sharma,2386133,1671634,5.15,351680,DIY,Comedy,Mumbai,871860,57286,3238,2.54,3.34
Ananya Kaur,1454389,836568,5.98,390454,DIY,Comedy,Bangalore,457359,46346,3322,3.42,2.92
Ishaan Sharma,1164129,926535,3.91,539274,Education,Comedy,Chandigarh,456464,17630,1093,1.61,2.77
Nikhil Gupta,2969741,2338091,3.87,735003,Photography,DIY,Bangalore,981445,154592,12186,5.62,2.05
Simran Singh,1617579,1183180,2.83,429845,Food,Travel,Hyderabad,530304,35864,2186,2.35,4.1
Kabir Singh,2428611,1051173,3.54,588268,DIY,Education,Pune,757213,28794,619,1.21,2.05
Nikhil Kaur,2191751,1697078,0.97,842991,Fitness,Food,Bangalore,719704,95679,7278,4.7,2.87
Kiran Verma,1638091,992745,1.26,199560,Travel,Health,Kolkata,517788,52467,2803,3.37,4.16
Diya Singh,1020005,457571,2.07,232695,Education,Beauty,Kolkata,350214,24308,1064,2.49,3.34
Neha Singh,2634455,2011038,3.26,521412,Beauty,Fitness,Kolkata,1029038,121994,4213,4.79,3.93
Aarav Singh,1495206,1142915,1.71,421202,Gaming,Motivation,Delhi,597320,60168,2990,4.22,3.14
Meera Kaur,1497675,946943,3.28,399225,Motivation,Education,Bangalore,538143,28685,1638,2.02,3.42
Arjun Gupta,2083207,847301,7.23,318672,Fitness,Motivation,Delhi,619025,88591,3869,4.44,2.71
Riya Jain,1088324,516676,2.83,135010,Fashion,Fitness,Jaipur,361066,40563,2493,3.96,6.92
Tanya Sharma,2217939,1331488,2.4,603201,Motivation,Tech,Mumbai,657801,109732,2476,5.06,2.32
Tanya Singh,1836770,1457870,3.36,491941,Gaming,Food,Kolkata,647906,90609,5005,5.21,2.02
Ishaan Kaur,2864781,1706359,0.78,593562,Finance,Tech,Mumbai,1105993,113996,2744,4.08,4.03
Aanya Mehta,1186525,885445,5.23,426230,Photography,Parenting,Delhi,414803,44611,1842,3.92,3.55
Vivaan Kaur,317989,149869,1.9,35652,Fitness,Food,Delhi,114092,17552,1130,5.88,4.16
Dev Kapoor,1397996,763761,6.65,420396,Health,Beauty,Pune,467664,63028,3159,4.73,3.13
Meera Sharma,1910313,1095920,4.73,565350,Parenting,Gaming,Pune,617950,31195,1543,1.71,2.64
Kiran Gupta,1308426,529014,7.69,230280,Education,Finance,Hyderabad,329222,28726,1593,2.32,2.69
Ishaan Jain,1544367,780963,3.53,188933,Tech,Beauty,Hyderabad,613134,22869,676,1.52,4.77
Krishna Kapoor,489776,294833,2.55,138401,Travel,Health,Chandigarh,147254,27279,1294,5.83,2.2
Aanya Verma,790214,461781,2.28,154416,Education,Parenting,Bangalore,213859,30470,1735,4.08,3.58
Dev Gupta,1489310,1175796,3.2,560045,Tech,Parenting,Chandigarh,542985,39106,2960,2.82,3.6
Simran Mehta,1616730,736875,3.48,276168,Gaming,Food,Kolkata,591203,19208,963,1.25,3.75
Riya Singh,1489347,861194,4.92,258888,Fashion,DIY,Jaipur,577667,75258,5492,5.42,2.83
Nikhil Jain,2394048,976941,7.09,408263,Parenting,Photography,Bangalore,673473,29923,704,1.28,2.88
Krishna Sharma,2625432,1704717,0.59,627125,Fashion,Travel,Mumbai,936470,54821,1287,2.14,3.28
Meera Sharma,1612557,1284726,5.93,311765,DIY,Education,Kolkata,470805,71020,1557,4.5,2.97
Ananya Kaur,518966,273345,6.02,69326,Photography,Tech,Kolkata,138077,12969,633,2.62,4.85
Kiran Verma,1226412,579894,3.45,144216,Fashion,Tech,Kolkata,332340,68500,4281,5.93,2.76
Kabir Kapoor,1382571,846064,4.8,330275,Comedy,Education,Jaipur,551870,78231,6156,6.1,2.9
Kabir Sharma,2537827,1262562,1.77,534346,Food,Education,Pune,998023,82359,5634,3.47,2.25
Krishna Singh,1132051,667155,6.34,374289,Parenting,Photography,Mumbai,313927,28763,1634,2.69,3.43
Tanya Singh,2283992,1721665,2.76,1002035,Food,Fitness,Mumbai,782520,106911,6799,4.98,4.29
Riya Mehta,506794,403801,1.26,82499,Fashion,Education,Chandigarh,176662,8735,530,1.83,2.61
Ishaan Verma,568406,276044,6.24,120621,Tech,Finance,Kolkata,153205,28844,656,5.19,5.51
Vivaan Sharma,460903,294728,5.44,160454,Parenting,Beauty,Chandigarh,168135,20464,1372,4.74,3.51
Aditya Gupta,766886,330879,7.96,74396,Beauty,Photography,Delhi,261466,34585,818,4.62,2.16
Krishna Sharma,126629,65709,7.96,36474,Fashion,Tech,Bangalore,36445,4491,229,3.73,2.74
Diya Gupta,2650491,2048405,6.26,1145887,Finance,DIY,Chandigarh,1043865,129480,7023,5.15,2.99
Ishaan Gupta,1740022,794155,6.33,362074,Motivation,Parenting,Delhi,613937,76660,3087,4.58,2.5
Arjun Jain,2767786,1901762,5.51,535552,Motivation,Tech,Chandigarh,1032973,77791,2841,2.91,3.07
Aanya Jain,746932,441470,2.47,202219,Fitness,Health,Jaipur,199677,26732,670,3.67,3.09
Arjun Kapoor,1735991,1160072,2.76,449183,Travel,Gaming,Bangalore,489633,56913,2828,3.44,2.53
Rohan Sharma,1737344,846242,3.91,262835,Fashion,Beauty,Hyderabad,689891,25046,1836,1.55,4.35
Simran Kaur,1067145,828094,5.79,431461,DIY,Comedy,Chandigarh,386686,14919,354,1.43,4.09
Aanya Kapoor,2132730,1680882,0.82,361530,Fitness,Motivation,Bangalore,753215,26752,1939,1.35,2.74
Nikhil Kaur,2118091,1460495,7,802005,Gaming,Finance,Mumbai,819700,40261,933,1.94,2.54
Meera Jain,1844758,1447364,5.07,752000,Motivation,Food,Delhi,520909,29945,1747,1.72,2.62
Sara Mehta,256546,103240,6.33,56443,Finance,Parenting,Kolkata,98392,4676,288,1.93,4.01
Aditya Singh,56061,35307,4.52,12239,Photography,Fitness,Mumbai,21504,1855,50,3.4,2.96
Diya Kapoor,2279151,1162149,2.01,254609,Food,Gaming,Mumbai,583252,69006,5262,3.26,2.81
Kabir Verma,1287600,958615,4.41,500929,Education,Motivation,Delhi,412630,15463,621,1.25,2.14
Sara Kaur,2477906,1963550,0.81,408867,Fashion,Finance,Mumbai,824844,136129,4796,5.69,4.35
Ananya Kapoor,2064696,856803,2.95,421554,Parenting,Health,Kolkata,817840,51779,1303,2.57,2.73
Aditya Mehta,1002954,735188,6.73,180924,Food,Health,Mumbai,286722,48653,2942,5.14,3.29
Sara Verma,2345779,1150645,1.1,414057,Comedy,Parenting,Hyderabad,605773,46548,1374,2.04,2.71
Neha Gupta,967582,701859,0.67,338820,Gaming,Photography,Jaipur,313214,49602,2965,5.43,4.35
Neha Singh,2181469,1201231,3.72,274079,Tech,Parenting,Pune,684307,105919,2979,4.99,4.44
Aarav Jain,1963234,893856,7.98,351033,Finance,DIY,Delhi,725031,52734,1417,2.76,4.87
Vivaan Jain,1351336,1045070,5.7,436876,Food,Photography,Chandigarh,367824,17519,623,1.34,4.18
Dev Kaur,2129128,1575842,5.99,941869,Photography,DIY,Kolkata,579295,112126,3559,5.43,4.5
Aditya Verma,2798971,2159321,0.59,755936,Fashion,Travel,Kolkata,1080254,79801,3572,2.98,3.39
Riya Mehta,877467,598830,1.06,137037,Fashion,Motivation,Chandigarh,268595,16562,743,1.97,3.25
Ananya Jain,1200212,695021,2.55,352711,Photography,Finance,Bangalore,424684,37974,1835,3.32,3.74
Sara Verma,2618119,1275208,2.23,679771,Beauty,Fashion,Chandigarh,867301,121700,6601,4.9,2.54
Kabir Kapoor,1279719,968770,4.4,354145,Travel,DIY,Kolkata,397082,66306,4592,5.54,3.15
Ishaan Singh,1024153,759290,4.52,172947,Fitness,Tech,Chandigarh,390309,56027,4117,5.87,3.91
Kiran Sharma,357068,160518,5.88,34322,Fashion,Comedy,Delhi,131733,9638,498,2.84,5.11
Kiran Gupta,104859,82310,3.85,22744,Education,Health,Delhi,26430,5310,423,5.47,2.31
Simran Jain,856745,455293,5.48,91257,Beauty,Gaming,Kolkata,312028,12179,725,1.51,2.89
Neha Mehta,2249167,1166648,2.61,322671,Motivation,Beauty,Jaipur,568560,41637,2614,1.97,2.5
Meera Kaur,2069568,1228391,2.94,584527,Travel,Beauty,Kolkata,618265,41040,3123,2.13,3.79
Rohan Jain,2889157,2014312,3.22,1127790,Food,Travel,Chandigarh,1020433,70834,1603,2.51,3.5
Aanya Kaur,1145334,534695,6.73,184752,Motivation,Beauty,Hyderabad,311596,58277,3792,5.42,3.46
Aarav Kaur,2983033,2292887,6.83,610652,Food,Motivation,Jaipur,766536,162296,7733,5.7,5.31
Meera Jain,1700211,746981,0.77,312559,Tech,Health,Hyderabad,489208,89395,5432,5.58,3.33
Arjun Sharma,2692976,2120937,5.75,1057356,Beauty,DIY,Chandigarh,881809,60686,3766,2.39,4.03
Simran Singh,1610352,650017,5.66,145033,Education,Fashion,Hyderabad,547699,72831,5675,4.88,4.05
Kiran Kapoor,2104011,1226347,7.51,552331,Gaming,Photography,Delhi,589736,30679,1543,1.53,2.24
Riya Kaur,2168146,1157898,5.33,425717,Fashion,Gaming,Chandigarh,588160,34853,2443,1.72,4.21
Vivaan Jain,2744707,1507871,4.24,555804,Health,Beauty,Mumbai,826872,117167,8636,4.58,3.89
Nikhil Jain,666425,308180,3.47,132261,Tech,Photography,Bangalore,170085,31388,1861,4.99,3.09
Riya Sharma,1012805,545343,5.7,126494,Finance,Photography,Chandigarh,349370,18877,808,1.94,4.43
Arjun Verma,2629056,1159651,7.46,521846,Education,Tech,Hyderabad,748000,63291,4521,2.58,4.11
Arjun Singh,1661861,1195532,2.05,506268,Fashion,Comedy,Chandigarh,435097,49108,2293,3.09,3.14
Ananya Sharma,1282093,857949,0.71,463160,Comedy,Fitness,Pune,365880,56474,1896,4.55,3.38
Aditya Jain,1944948,907327,5.43,241576,Fashion,Photography,Pune,685447,104588,7852,5.78,1.82
Arjun Jain,2956157,1951112,0.84,912957,Tech,Health,Jaipur,750606,35842,2167,1.29,2.06
Aditya Singh,678006,533707,2.32,192478,Finance,Photography,Jaipur,185702,18784,466,2.84,2.86
Ananya Mehta,2559792,1660088,7.92,759445,Gaming,Finance,Delhi,948503,96807,4605,3.96,3.86
Aarav Kapoor,1512528,667598,1.7,260831,Health,Motivation,Mumbai,496616,49341,1672,3.37,2.49
Vivaan Mehta,1448087,834954,6.1,263987,Fitness,Parenting,Mumbai,560483,34735,778,2.45,1.9
Riya Verma,1882301,1415052,6.38,599715,Photography,Fitness,Delhi,551569,99923,2723,5.45,3.38
Vivaan Kapoor,296610,228056,7.98,51048,Travel,Parenting,Jaipur,95547,13647,758,4.86,3.78
Vivaan Verma,1716392,867677,3.06,352614,DIY,Fashion,Hyderabad,556454,49473,1578,2.97,3.86
Kiran Mehta,2111569,1254905,7.3,660041,Finance,Food,Bangalore,835738,81066,6215,4.13,3.12
Meera Sharma,2961550,1931921,2.27,450993,Motivation,Gaming,Kolkata,884065,33479,1384,1.18,2.81
Aarav Kapoor,287798,133638,7.55,27489,Beauty,Gaming,Hyderabad,86002,14716,1135,5.51,2.73
Arjun Mehta,1905271,1135907,6.59,652117,Photography,Education,Chandigarh,750701,78259,3328,4.28,5.48
Nikhil Singh,606314,454884,1.07,231564,Education,Tech,Delhi,226099,10988,523,1.9,2.67
Rohan Mehta,1777205,746139,7.82,407938,Food,Fitness,Bangalore,682001,102785,7124,6.18,3.08
Kabir Kaur,1412783,972885,6.11,472064,Finance,Parenting,Pune,381397,14678,990,1.11,2.57
Aarav Kaur,1570898,897364,2.57,312479,Beauty,Fashion,Chandigarh,409210,47700,1257,3.12,4.1
Dev Kaur,235782,94762,7.85,28655,Finance,Motivation,Chandigarh,78608,12403,832,5.61,5.19
Sara Singh,1053560,472741,0.62,96223,Fashion,Education,Mumbai,368277,62884,2895,6.24,1.94
Rohan Gupta,883615,650729,5.28,226408,Food,Fitness,Kolkata,331040,17398,1380,2.13,2.64
Ishaan Kapoor,517713,367774,3.15,86968,Comedy,Fitness,Delhi,193792,12860,405,2.56,3.4
Ananya Singh,1023238,587928,1.62,165477,Food,Motivation,Mumbai,332673,26349,840,2.66,2.61
Riya Verma,2178405,1508862,4.11,887688,Comedy,Parenting,Jaipur,865094,123375,4361,5.86,2.68
Sara Gupta,1860437,1073244,0.95,458720,Comedy,Gaming,Pune,656501,111396,2974,6.15,2.78
Rohan Singh,453187,294469,4.91,120167,Finance,Health,Kolkata,168792,14148,1045,3.35,3.24
Tanya Sharma,1754749,1388131,6.57,403485,Education,Fitness,Mumbai,565721,47025,1670,2.78,4.11
Nikhil Singh,225979,138546,1.32,47413,Photography,Fashion,Pune,87570,3328,264,1.59,3.41
Simran Verma,2684365,1753903,6.23,418653,Health,Fashion,Hyderabad,792842,90181,1837,3.43,3.96
Neha Kaur,952688,698842,4.42,395076,Finance,Health,Mumbai,353533,12883,646,1.42,3.23
Arjun Sharma,1983720,1262683,5.29,611535,DIY,Education,Hyderabad,498222,118632,5146,6.24,2.2
Arjun Singh,322680,245521,6.82,104714,Travel,Photography,Jaipur,127505,19176,1316,6.35,2.68
Aditya Kaur,1549412,1201164,4.93,436516,Health,Finance,Kolkata,404520,50555,2406,3.42,4.12
Meera Kapoor,492971,285905,2.1,98286,Beauty,Travel,Delhi,160811,24809,1598,5.36,4.78
Ishaan Verma,2697004,1831218,2.93,886919,Health,Fashion,Kolkata,724140,152101,8020,5.94,3.66
Krishna Jain,1737828,1052307,1.14,583730,Education,Photography,Chandigarh,605618,100972,5805,6.14,4.09
Aditya Singh,1776608,892416,5.82,406210,Tech,Beauty,Bangalore,654012,31996,1756,1.9,5.21
Aarav Singh,815110,524924,4.91,313776,Health,Education,Kolkata,320344,10972,382,1.39,2.04
Ananya Verma,2404193,1361801,7.38,422069,Motivation,DIY,Delhi,815682,37089,2082,1.63,3.33
Ishaan Mehta,2055631,1301547,7.13,263677,Photography,Finance,Kolkata,638191,84050,1883,4.18,2.53
Sara Sharma,643671,416840,4.54,247062,Food,Travel,Chandigarh,250011,33788,1729,5.52,2.67
Vivaan Gupta,528794,413139,5.37,90036,Parenting,Fitness,Jaipur,157327,13823,613,2.73,3.18
Vivaan Verma,1115126,876584,6.27,210294,Travel,Tech,Bangalore,398041,31974,2210,3.07,6.35
Neha Singh,1237068,868234,3.09,308690,Fashion,DIY,Chandigarh,309879,35714,752,2.95,2.53
Nikhil Gupta,1557828,950504,4.13,333027,Food,Tech,Chandigarh,487749,27759,1886,1.9,3.46
Arjun Kapoor,424703,214908,0.9,64180,Fashion,Food,Delhi,107311,16096,563,3.92,2.89
Simran Verma,1659840,774718,2.2,320156,DIY,Education,Delhi,508252,49009,2327,3.09,2.09
Ishaan Singh,597218,337468,2.28,196401,Photography,DIY,Pune,220306,11457,795,2.05,2.29
Riya Gupta,612063,282498,6.72,84372,Motivation,Fitness,Delhi,228362,36708,996,6.16,2.95
Neha Sharma,960268,561182,1.64,185168,Health,Finance,Chandigarh,245192,22473,1550,2.5,3.43
Arjun Kapoor,2082740,1286782,0.5,730238,Travel,Health,Mumbai,754585,110081,6372,5.59,3.26
Nikhil Kapoor,2216659,906149,4.28,412826,Comedy,Fitness,Hyderabad,668372,38458,1674,1.81,5.38
Nikhil Kaur,515160,237279,6.73,113719,Travel,Finance,Jaipur,144531,19933,1255,4.11,2.66
Aarav Mehta,1942607,1279384,3.2,679254,Fashion,Travel,Delhi,568405,40368,1646,2.16,3.95
Riya Gupta,1115779,579933,3.42,294162,Motivation,Health,Bangalore,291396,65759,2436,6.11,2.7
Aditya Verma,940710,405500,7.76,196139,Photography,Education,Mumbai,338348,14634,1130,1.68,3.87
Ishaan Kaur,237896,148944,5.39,88663,Motivation,Travel,Hyderabad,78377,12328,804,5.52,3.74
Simran Verma,381980,237087,3.93,136835,Gaming,Food,Bangalore,106735,5010,234,1.37,4.81
Meera Jain,1053970,683433,5.69,354412,Travel,Finance,Delhi,283603,21703,1587,2.21,3.12
Arjun Singh,2845578,1382606,5.05,513909,Health,Tech,Chandigarh,1023319,117053,8146,4.4,2.7
Krishna Verma,579031,288742,1.98,99997,Gaming,Tech,Hyderabad,202653,9100,336,1.63,4.02
Ishaan Singh,2562156,1244320,6.94,651639,DIY,Travel,Mumbai,837561,72275,5721,3.04,2.85
Sara Gupta,2206589,1006803,2.5,600994,Health,Motivation,Hyderabad,752931,123067,9324,6,4.91
Tanya Gupta,1029793,614122,3.78,179941,Motivation,Education,Delhi,339844,47646,1063,4.73,1.92
Aditya Kapoor,2938527,2311982,3.81,906034,Finance,Health,Mumbai,845263,62771,3626,2.26,2.19
Nikhil Sharma,2454132,1596208,4.13,689842,Fashion,Motivation,Mumbai,946949,113383,3174,4.75,2.41
Neha Sharma,659770,343154,3.72,178254,Beauty,Gaming,Jaipur,187354,12503,746,2.01,3.63
Kiran Sharma,733316,499965,0.53,277693,Finance,Comedy,Bangalore,207687,24809,1517,3.59,3.74
Meera Kapoor,62968,47583,1.09,11746,Health,Beauty,Jaipur,22983,2218,101,3.68,3.87
Kabir Kapoor,2482019,1535122,4.77,451495,Finance,Fitness,Chandigarh,870818,25318,1891,1.1,3.4
Kabir Singh,241405,103237,1.24,45922,Gaming,Photography,Delhi,61707,3064,109,1.31,3.05
Aarav Kapoor,1109576,788360,3.79,287314,Food,Travel,Jaipur,376402,45844,1748,4.29,2.11
Tanya Kapoor,1991662,1236589,5.97,729757,Finance,Photography,Kolkata,585011,60429,4105,3.24,1.88
Kabir Gupta,2377215,1692479,7.61,965663,Fitness,Beauty,Chandigarh,805169,30576,831,1.32,2.05
Aditya Kaur,289024,166021,4.37,48120,Motivation,Gaming,Mumbai,89716,5592,170,1.99,2.41
Simran Jain,1168673,542712,2.91,137212,Beauty,Health,Kolkata,331934,37518,1392,3.33,1.96
Sara Sharma,850870,406538,1.89,129617,Food,Motivation,Hyderabad,234019,27677,1141,3.39,5.43
Riya Gupta,2734720,1283959,2.21,387717,Finance,Comedy,Delhi,891763,75809,2439,2.86,4.31
Simran Kaur,717159,432462,1.04,141357,Photography,Finance,Pune,189746,17049,533,2.45,2.76
Rohan Mehta,839237,442872,3.61,166393,Fitness,Fashion,Kolkata,246928,21994,902,2.73,2.57
Arjun Sharma,1568306,1061271,2.42,368103,Beauty,DIY,Kolkata,488396,55357,1621,3.63,3.82
Diya Gupta,2778684,2022741,7.1,533647,Parenting,Food,Kolkata,1009432,157912,5883,5.89,4.44
Sara Verma,2858692,1540486,5.35,851471,Gaming,Fashion,Mumbai,986872,91622,3170,3.32,3.49
Neha Singh,788218,433371,7.21,186769,Travel,DIY,Kolkata,284090,24388,1596,3.3,2.85
Vivaan Kaur,991617,746506,6.93,254800,Photography,DIY,Chandigarh,393027,31073,1445,3.28,2.21
Riya Sharma,110751,49047,6.58,22886,Food,Travel,Hyderabad,38540,5757,231,5.41,4.2
Ananya Jain,1987428,1477971,3.51,448253,Fashion,Education,Chandigarh,742877,71791,3628,3.79,4.21
Nikhil Gupta,2341393,1627636,6.98,803242,Comedy,Fashion,Kolkata,746204,43313,2078,1.94,4.22
Meera Sharma,624683,302647,6.25,158787,Food,Fashion,Delhi,201180,37320,1897,6.28,3.22
Sara Gupta,1542944,1120467,6.74,421350,Travel,Beauty,Chandigarh,461582,73436,5154,5.09,3.31
Aanya Verma,2418098,1059318,3.63,433321,Fashion,Parenting,Mumbai,929685,77207,4937,3.4,4.13
Sara Verma,1904183,792761,6.71,361270,Fashion,Health,Jaipur,520294,21457,997,1.18,3.12
Rohan Mehta,1688277,1344159,5.82,723356,Comedy,DIY,Bangalore,567694,89594,6039,5.66,1.88
Ananya Kapoor,1774965,1264731,4.61,668577,Health,Motivation,Mumbai,534395,53672,2455,3.16,4.5
Kabir Sharma,2362564,1193004,7.93,644227,Tech,Finance,Mumbai,873358,27603,686,1.2,3.84
Krishna Jain,2653667,1303930,6.56,497199,Travel,Beauty,Bangalore,986449,153371,7098,6.05,4.95
Tanya Sharma,2077578,1276083,1.06,300410,Motivation,Fitness,Bangalore,819334,67487,2818,3.38,2.64
Sara Mehta,1240727,517570,7.86,144046,Parenting,Gaming,Jaipur,342205,27452,1382,2.32,2.9
Vivaan Kaur,55113,23163,4.24,12967,Gaming,Motivation,Pune,18544,1749,93,3.34,2.32
Krishna Kaur,2627179,1276897,4.34,585464,Comedy,Motivation,Kolkata,960247,111680,7986,4.55,3.08
Kabir Sharma,419666,304007,5.34,102012,Comedy,Beauty,Chandigarh,138006,7937,365,1.98,1.82
Arjun Jain,1458101,1021160,4.7,432657,Photography,Fashion,Hyderabad,516139,21680,701,1.53,2.6
Riya Kaur,2114245,936403,6.55,547737,Food,Finance,Bangalore,573908,118060,8131,5.97,6.16
Aanya Kapoor,1018014,607283,1.43,203518,Fitness,DIY,Chandigarh,404167,32890,2452,3.47,4.21
Neha Verma,2591987,1486830,2.82,769492,Finance,Photography,Delhi,996093,56591,3781,2.33,4.14
Nikhil Kaur,1494974,1028059,4.95,228783,Fashion,Photography,Jaipur,507635,84607,2672,5.84,1.93
Arjun Mehta,960450,566941,4.46,191024,Fitness,Beauty,Hyderabad,332706,34705,2164,3.84,3.37
Vivaan Kaur,2454896,1945367,6.18,1126010,Comedy,Finance,Kolkata,823927,39842,2959,1.74,3.34
Riya Mehta,567309,257885,6.15,72082,Parenting,Health,Pune,151255,21343,922,3.92,2.43
Ananya Jain,547281,290461,4.29,171870,Tech,Health,Jaipur,140925,7844,302,1.49,3.33
